Node,DC,BC,CC,C
29,0.4,0.2,0.44999999999999996,1.0
30,0.4,0.2,0.44999999999999996,1.0
27,0.2,0.0,0.3,0.008237531746627563
26,0.2,0.0,0.3,0.008237531746627563
105,0.2,0.0,0.2,0.0
13,0.2,0.0,0.2,0.0
