Node,DC,BC,CC,C,S+,S-,C
29,0.4,0.2,0.4499999999999999,1.0,0.0,0.6422323493052715,1.0
30,0.4,0.2,0.4499999999999999,1.0,0.0,0.6422323493052715,1.0
27,0.2,0.0,0.3,0.0082375317466275,0.642143753907081,0.0053336153847644,0.0082375317466275
26,0.2,0.0,0.3,0.0082375317466275,0.642143753907081,0.0053336153847644,0.0082375317466275
105,0.2,0.0,0.2,0.0,0.6422323493052715,0.0,0.0
13,0.2,0.0,0.2,0.0,0.6422323493052715,0.0,0.0
