Node,DC,BC,CC,C,S+,S-,C
107,1.0,1.0,1.0,1.0,0.0,0.8911587341661908,1.0
48,0.3333333333333333,0.0,0.6,0.0,0.8911587341661908,0.0,0.0
82,0.3333333333333333,0.0,0.6,0.0,0.8911587341661908,0.0,0.0
108,0.3333333333333333,0.0,0.6,0.0,0.8911587341661908,0.0,0.0
